<?xml version="1.0" encoding="UTF-8" ?>
<module>
	<name>interkassa</name>
	<displayName><![CDATA[Интеркасса]]></displayName>
	<version><![CDATA[1.1]]></version>
	<description><![CDATA[Принимайте платежи с помощью Интеркасса 2.0]]></description>
	<author><![CDATA[]]></author>
	<tab><![CDATA[payments_gateways]]></tab>
	<confirmUninstall><![CDATA[Вы уверены что хотите удалить все настройки?]]></confirmUninstall>
	<is_configurable>1</is_configurable>
	<need_instance>1</need_instance>
	<limited_countries></limited_countries>
</module>