<?xml version="1.0" encoding="UTF-8" ?>
<module>
    <name>interkassa2</name>
    <displayName><![CDATA[Interkassa 2]]></displayName>
    <version><![CDATA[1.2]]></version>
    <description><![CDATA[Accepting payments by credit card quickly and safely with Interkassa 2.0]]></description>
    <author><![CDATA[GateOn]]></author>
    <tab><![CDATA[payments_gateways]]></tab>
	<confirmUninstall><![CDATA[Are you sure you want to delete all the settings?]]></confirmUninstall>
    <is_configurable>1</is_configurable>
    <need_instance>1</need_instance>
</module>