<?xml version="1.0" encoding="UTF-8" ?>
<module>
	<name>interkassa</name>
	<displayName><![CDATA[Интеркасса 2]]></displayName>
	<version><![CDATA[1.5]]></version>
	<description><![CDATA[Позволяет проводить оплату с помощью Интеркассы]]></description>
	<author><![CDATA[GateOn]]></author>
	<tab><![CDATA[payments_gateways]]></tab>
	<confirmUninstall><![CDATA[Вы уверенны,что хотите удалить?]]></confirmUninstall>
	<is_configurable>1</is_configurable>
	<need_instance>1</need_instance>
	<limited_countries></limited_countries>
</module>